,model,r2,rmse,mae
0,next one minute price prediction,0.9994715058045825,601.1246298588948,58.629146860426395
1,next five minutes price prediction,0.9979234724458634,1192.145586879268,126.94243957298885
